{"schemaVersion":"1.0","appDefinitionTemplate":{"id":"/providers/Microsoft.PowerApps/apps/","type":"Microsoft.PowerApps/apps","tags":{"primaryDeviceWidth":"1366","primaryDeviceHeight":"768","sienaVersion":"20210825T084542Z-3.21081.49.0","deviceCapabilities":"","supportsPortrait":"false","supportsLandscape":"true","primaryFormFactor":"Tablet","publisherVersion":"3.21081.49","minimumRequiredApiVersion":"2.2.0","hasComponent":"true","hasUnlockedComponent":"true","isUnifiedRootApp":"false"},"properties":{"appVersion":"2021-08-25T08:45:42Z","lifeCycleId":"Published","createdByClientVersion":{"major":3,"minor":21081,"build":49,"revision":0,"majorRevision":0,"minorRevision":0},"minClientVersion":{"major":3,"minor":21081,"build":49,"revision":0,"majorRevision":0,"minorRevision":0},"backgroundColor":"rgba(0, 176, 240, 1)","backgroundImageUri":"/15581763913972823206/Nccb92989-750f-4212-9bcb-428df4c94f1f-logoSmallFile","displayName":"KPI Management","description":"","commitMessage":"","appUris":{"documentUri":{"value":"/15581763913972823206/Ned1a08e0-1be9-4aa5-84d2-e54982a90d19-document.msapp"},"imageUris":[]},"createdTime":"0001-01-01T00:00:00Z","lastModifiedTime":"0001-01-01T00:00:00Z","sharedGroupsCount":0,"sharedUsersCount":0,"icons":{"smallIconUri":"/15581763913972823206/N9f681b3a-badb-4a8b-b421-83d6ed682dfb-small.png","mediumIconUri":"/15581763913972823206/Nfca7dcb7-77db-49c2-b558-107f7a3ae01c-medium.png","largeIconUri":"/15581763913972823206/N7464fe1d-0bce-48b7-8c2a-25e0c07236ce-large.png","wideIconUri":"/15581763913972823206/Ncead9920-60d9-40b0-9de7-148d4bdd0092-wide.png"},"connectionReferences":{},"databaseReferences":{},"almMode":"Environment","performanceOptimizationEnabled":true,"canConsumeAppPass":true,"executionRestrictions":{"isTeamsOnly":false,"dataLossPreventionEvaluationResult":{"status":"Compliant","lastEvaluationDate":"2020-11-27T13:31:03.6331646Z","violationDetails":[]}}},"appType":"ClassicCanvasApp","appComponents":[]}}