{"schemaVersion":"1.0","appDefinitionTemplate":{"id":"/providers/Microsoft.PowerApps/apps/","type":"Microsoft.PowerApps/apps","tags":{"primaryDeviceWidth":"1366","primaryDeviceHeight":"768","sienaVersion":"20210824T174614Z-3.21081.49.0","deviceCapabilities":"","supportsPortrait":"false","supportsLandscape":"true","primaryFormFactor":"Tablet","publisherVersion":"3.21081.49","minimumRequiredApiVersion":"2.2.0","hasComponent":"true","hasUnlockedComponent":"true","isUnifiedRootApp":"false"},"properties":{"appVersion":"2021-08-24T17:46:14Z","lifeCycleId":"Published","createdByClientVersion":{"major":3,"minor":21081,"build":49,"revision":0,"majorRevision":0,"minorRevision":0},"minClientVersion":{"major":3,"minor":21081,"build":49,"revision":0,"majorRevision":0,"minorRevision":0},"backgroundColor":"rgba(0, 176, 240, 1)","backgroundImageUri":"/15581763913972823206/Ndd353491-114d-4400-9a55-f3e2032f2234-logoSmallFile","displayName":"KPI Management","description":"","commitMessage":"","appUris":{"documentUri":{"value":"/15581763913972823206/Na5f6a9f7-a351-48d1-9c62-8cff4b2c3663-document.msapp"},"imageUris":[]},"createdTime":"0001-01-01T00:00:00Z","lastModifiedTime":"0001-01-01T00:00:00Z","sharedGroupsCount":0,"sharedUsersCount":0,"icons":{"smallIconUri":"/15581763913972823206/Na5617b4e-fb07-4cca-9426-6fe3e5e1d734-small.png","mediumIconUri":"/15581763913972823206/N7cf9b971-5929-4f06-8bed-7003898fb147-medium.png","largeIconUri":"/15581763913972823206/Nfc17c4d4-9e84-4b70-9e08-be1dcc03d34c-large.png","wideIconUri":"/15581763913972823206/N3b43c847-3b55-43b4-ab7d-42fb8dba9f69-wide.png"},"connectionReferences":{},"databaseReferences":{},"almMode":"Environment","performanceOptimizationEnabled":true,"canConsumeAppPass":true,"executionRestrictions":{"isTeamsOnly":false,"dataLossPreventionEvaluationResult":{"status":"Compliant","lastEvaluationDate":"2020-11-27T13:31:03.6331646Z","violationDetails":[]}}},"appType":"ClassicCanvasApp","appComponents":[]}}