{"schemaVersion":"1.0","appDefinitionTemplate":{"id":"/providers/Microsoft.PowerApps/apps/","type":"Microsoft.PowerApps/apps","tags":{"primaryDeviceWidth":"1366","primaryDeviceHeight":"768","sienaVersion":"3a70a970-a240-41b3-b92b-62b963d59022","deviceCapabilities":"","supportsPortrait":"false","supportsLandscape":"true","primaryFormFactor":"Tablet","publisherVersion":"3.21081.49","minimumRequiredApiVersion":"2.2.0","hasComponent":"true","hasUnlockedComponent":"true","isUnifiedRootApp":"false"},"properties":{"appVersion":"2021-08-24T16:46:17Z","lifeCycleId":"Published","createdByClientVersion":{"major":3,"minor":21081,"build":49,"revision":0,"majorRevision":0,"minorRevision":0},"minClientVersion":{"major":3,"minor":21081,"build":49,"revision":0,"majorRevision":0,"minorRevision":0},"backgroundColor":"rgba(0, 176, 240, 1)","backgroundImageUri":"/15581763913972823206/Ndbf7e541-f420-4922-b4c8-709d7625b7f6-logoSmallFile","displayName":"KPI Management","description":"","commitMessage":"","appUris":{"documentUri":{"value":"/15581763913972823206/N8a84799b-d382-43c5-b705-af7cc709294a-document.msapp"},"imageUris":[]},"createdTime":"0001-01-01T00:00:00Z","lastModifiedTime":"0001-01-01T00:00:00Z","sharedGroupsCount":0,"sharedUsersCount":0,"icons":{"smallIconUri":"/15581763913972823206/Nd0daec1c-ac25-497b-874e-3582e2d4d8d4-small.png","mediumIconUri":"/15581763913972823206/Naa1ab795-b511-4e7a-be2c-c85da973c53f-medium.png","largeIconUri":"/15581763913972823206/Nbc21a7be-0daf-4559-8f7e-0d178da8c00d-large.png","wideIconUri":"/15581763913972823206/N43994015-09c0-4b11-8064-600206513f73-wide.png"},"connectionReferences":{},"databaseReferences":{},"almMode":"Environment","performanceOptimizationEnabled":true,"canConsumeAppPass":true,"executionRestrictions":{"isTeamsOnly":false,"dataLossPreventionEvaluationResult":{"status":"Compliant","lastEvaluationDate":"2020-11-27T13:31:03.6331646Z","violationDetails":[]}}},"appType":"ClassicCanvasApp","appComponents":[]}}