{"schemaVersion":"1.0","appDefinitionTemplate":{"id":"/providers/Microsoft.PowerApps/apps/","type":"Microsoft.PowerApps/apps","tags":{"primaryDeviceWidth":"1366","primaryDeviceHeight":"768","sienaVersion":"20210824T155242Z-3.21081.49.0","deviceCapabilities":"","supportsPortrait":"false","supportsLandscape":"true","primaryFormFactor":"Tablet","publisherVersion":"3.21081.49","minimumRequiredApiVersion":"2.2.0","hasComponent":"true","hasUnlockedComponent":"true","isUnifiedRootApp":"false"},"properties":{"appVersion":"2021-08-24T15:52:42Z","lifeCycleId":"Published","createdByClientVersion":{"major":3,"minor":21081,"build":49,"revision":0,"majorRevision":0,"minorRevision":0},"minClientVersion":{"major":3,"minor":21081,"build":49,"revision":0,"majorRevision":0,"minorRevision":0},"backgroundColor":"rgba(0, 176, 240, 1)","backgroundImageUri":"/15581763913972823206/N703bffcd-00dc-4083-a83c-1c484c7b4a7d-logoSmallFile","displayName":"KPI Management","description":"","commitMessage":"","appUris":{"documentUri":{"value":"/15581763913972823206/Nda178060-e777-415d-a813-55b5ffa8e241-document.msapp"},"imageUris":[]},"createdTime":"0001-01-01T00:00:00Z","lastModifiedTime":"0001-01-01T00:00:00Z","sharedGroupsCount":0,"sharedUsersCount":0,"icons":{"smallIconUri":"/15581763913972823206/N13f6a676-759c-4376-a6b9-12b8679ad814-small.png","mediumIconUri":"/15581763913972823206/N43b03940-a2c4-4882-bf8b-ec20f2861dfa-medium.png","largeIconUri":"/15581763913972823206/N997501fc-351f-4286-bdb6-5365f94eedec-large.png","wideIconUri":"/15581763913972823206/N31df2758-4e69-4547-9272-7607be3b3f55-wide.png"},"connectionReferences":{},"databaseReferences":{},"almMode":"Environment","performanceOptimizationEnabled":true,"canConsumeAppPass":true,"executionRestrictions":{"isTeamsOnly":false,"dataLossPreventionEvaluationResult":{"status":"Compliant","lastEvaluationDate":"2020-11-27T13:31:03.6331646Z","violationDetails":[]}}},"appType":"ClassicCanvasApp","appComponents":[]}}